{
    "URL": {
        "root": "https://mckoysnews.com/"
    },
    "HorizonLayout": [
        { "tags": [ ], "paging": true, "layout": 4 },
        {
          "name": "Jamaican News",
          "categories": [173],
          "layout": 5
        },
        {
          "name": "Crime News",
          "categories": [69],
          "paging": true,
          "row": 3,
          "layout": 3
        },
        {
          "name": "Politics",
          "categories": [24],
          "layout": 2
        },
        {
          "name": "World News",
          "categories": [25],
          "layout": 11,
          "width": 120,
          "height": 250
        },
        {
          "name": "Business",
          "categories": [26],
          "paging": true,
          "row": 3,
          "layout": 10
        },
        {
          "name": "Socialites & Unique Photos",
          "categories": [50229],
          "paging": true,
          "layout": 1
        },
        {
          "name": "Entertainment",
          "categories": [21],
          "paging": true,
          "row": 3,
          "layout": 12
        },
        {
          "name": "McKoys TV",
          "categories": [28191],
          "layout": 11,
          "width": 120,
          "height": 250
        },
        {
          "name": " Dear Mckoy",
          "categories": [27],
          "paging": true,
          "row": 3,
          "layout": 10
        },
        {
          "name": "Sports",
          "categories": [12],
          "paging": true,
          "row": 3,
          "layout": 10
        },
        {
          "name": "Gossips",
          "categories": [18974],
          "layout": 11,
          "width": 120,
          "height": 250
        }
      ],
      "MainColor":"#1CB5B4"
}